<metadata xml:lang="en"><Esri><CreaDate>20240427</CreaDate><CreaTime>22314200</CreaTime><ArcGISFormat>1.0</ArcGISFormat><SyncOnce>FALSE</SyncOnce><DataProperties><itemProps><itemName Sync="TRUE">final</itemName><imsContentType Sync="TRUE">002</imsContentType><itemLocation><linkage Sync="TRUE">file://\\FRANK\D$\Spatial_Optimization\Final\spatial-optimization-final\public_transit\final.shp</linkage><protocol Sync="TRUE">Local Area Network</protocol></itemLocation><itemSize Sync="TRUE">0.000</itemSize></itemProps><coordRef><type Sync="TRUE">Projected</type><geogcsn Sync="TRUE">GCS_North_American_1983</geogcsn><csUnits Sync="TRUE">Linear Unit: Foot_US (0.304801)</csUnits><projcsn Sync="TRUE">NAD_1983_StatePlane_Pennsylvania_North_FIPS_3701_Feet</projcsn><peXml Sync="TRUE">&lt;ProjectedCoordinateSystem xsi:type='typens:ProjectedCoordinateSystem' xmlns:xsi='http://www.w3.org/2001/XMLSchema-instance' xmlns:xs='http://www.w3.org/2001/XMLSchema' xmlns:typens='http://www.esri.com/schemas/ArcGIS/3.2.0'&gt;&lt;WKT&gt;PROJCS[&amp;quot;NAD_1983_StatePlane_Pennsylvania_North_FIPS_3701_Feet&amp;quot;,GEOGCS[&amp;quot;GCS_North_American_1983&amp;quot;,DATUM[&amp;quot;D_North_American_1983&amp;quot;,SPHEROID[&amp;quot;GRS_1980&amp;quot;,6378137.0,298.257222101]],PRIMEM[&amp;quot;Greenwich&amp;quot;,0.0],UNIT[&amp;quot;Degree&amp;quot;,0.0174532925199433]],PROJECTION[&amp;quot;Lambert_Conformal_Conic&amp;quot;],PARAMETER[&amp;quot;False_Easting&amp;quot;,1968500.0],PARAMETER[&amp;quot;False_Northing&amp;quot;,0.0],PARAMETER[&amp;quot;Central_Meridian&amp;quot;,-77.75],PARAMETER[&amp;quot;Standard_Parallel_1&amp;quot;,40.88333333333333],PARAMETER[&amp;quot;Standard_Parallel_2&amp;quot;,41.95],PARAMETER[&amp;quot;Latitude_Of_Origin&amp;quot;,40.16666666666666],UNIT[&amp;quot;Foot_US&amp;quot;,0.3048006096012192],AUTHORITY[&amp;quot;EPSG&amp;quot;,2271]]&lt;/WKT&gt;&lt;XOrigin&gt;-118829700&lt;/XOrigin&gt;&lt;YOrigin&gt;-96587800&lt;/YOrigin&gt;&lt;XYScale&gt;37282009.395591117&lt;/XYScale&gt;&lt;ZOrigin&gt;-100000&lt;/ZOrigin&gt;&lt;ZScale&gt;10000&lt;/ZScale&gt;&lt;MOrigin&gt;-100000&lt;/MOrigin&gt;&lt;MScale&gt;10000&lt;/MScale&gt;&lt;XYTolerance&gt;0.0032808333333333331&lt;/XYTolerance&gt;&lt;ZTolerance&gt;0.001&lt;/ZTolerance&gt;&lt;MTolerance&gt;0.001&lt;/MTolerance&gt;&lt;HighPrecision&gt;true&lt;/HighPrecision&gt;&lt;WKID&gt;102728&lt;/WKID&gt;&lt;LatestWKID&gt;2271&lt;/LatestWKID&gt;&lt;/ProjectedCoordinateSystem&gt;</peXml></coordRef><lineage><Process ToolSource="d:\arcgis\Resources\ArcToolbox\toolboxes\Conversion Tools.tbx\ExportFeatures" Date="20240427" Time="223142">ExportFeatures parcels_nodes D:\Spatial_Optimization\Final\spatial-optimization-final\public_transit\public_transit.gdb\jobs # NOT_USE_ALIAS "mrkt_vl "mrkt_vl" true true false 24 Double 15 23,First,#,parcels_nodes,parcels_nodes.mrkt_vl,-1,-1;units "units" true true false 24 Double 15 23,First,#,parcels_nodes,parcels_nodes.units,-1,-1;OBJECTID "OBJECTID" false true false 4 Long 0 9,First,#,parcels_nodes,jobs_bus_table.OBJECTID,-1,-1,parcels_nodes,jobs_bus_table.OBJECTID,-1,-1;ParcelID "ParcelID" true true false 4 Long 0 0,First,#,parcels_nodes,jobs_bus_table.ParcelID,-1,-1,parcels_nodes,jobs_bus_table.ParcelID,-1,-1;jobs "jobs" true true false 4 Long 0 0,First,#,parcels_nodes,jobs_bus_table.jobs,-1,-1,parcels_nodes,jobs_bus_table.jobs,-1,-1" #</Process><Process ToolSource="d:\arcgis\Resources\ArcToolbox\toolboxes\Data Management Tools.tbx\Rename" Date="20240427" Time="223310">Rename D:\Spatial_Optimization\Final\spatial-optimization-final\public_transit\public_transit.gdb\jobs D:\Spatial_Optimization\Final\spatial-optimization-final\public_transit\public_transit.gdb\parcels_jobs FeatureClass</Process><Process ToolSource="d:\arcgis\Resources\ArcToolbox\toolboxes\Data Management Tools.tbx\DeleteField" Date="20240427" Time="223331">DeleteField parcels_jobs OBJECTID;ParcelID "Delete Fields"</Process><Process ToolSource="d:\arcgis\Resources\ArcToolbox\toolboxes\Data Management Tools.tbx\UpdateSchema" Date="20240427" Time="223729">UpdateSchema "CIMDATA=&lt;CIMStandardDataConnection xsi:type='typens:CIMStandardDataConnection' xmlns:xsi='http://www.w3.org/2001/XMLSchema-instance' xmlns:xs='http://www.w3.org/2001/XMLSchema' xmlns:typens='http://www.esri.com/schemas/ArcGIS/3.2.0'&gt;&lt;WorkspaceConnectionString&gt;DATABASE=D:\Spatial_Optimization\Final\spatial-optimization-final\public_transit\public_transit.gdb&lt;/WorkspaceConnectionString&gt;&lt;WorkspaceFactory&gt;FileGDB&lt;/WorkspaceFactory&gt;&lt;Dataset&gt;parcels_jobs&lt;/Dataset&gt;&lt;DatasetType&gt;esriDTFeatureClass&lt;/DatasetType&gt;&lt;/CIMStandardDataConnection&gt;" &lt;operationSequence&gt;&lt;workflow&gt;&lt;AddField&gt;&lt;field_name&gt;cons_fee&lt;/field_name&gt;&lt;field_type&gt;LONG&lt;/field_type&gt;&lt;field_is_nullable&gt;True&lt;/field_is_nullable&gt;&lt;field_is_required&gt;False&lt;/field_is_required&gt;&lt;/AddField&gt;&lt;/workflow&gt;&lt;/operationSequence&gt;</Process><Process ToolSource="d:\arcgis\Resources\ArcToolbox\toolboxes\Data Management Tools.tbx\CalculateField" Date="20240427" Time="224112">CalculateField parcels_jobs cons_fee fee(!units!) Python "def fee(a):
    if a == 1:
        return 236000
    if a == 2:
        return 2 * 207000
    if a == 3 or a == 4:
        return a * 149000
    else:
        return a * 116000" Text NO_ENFORCE_DOMAINS</Process><Process ToolSource="d:\arcgis\Resources\ArcToolbox\toolboxes\Data Management Tools.tbx\UpdateSchema" Date="20240427" Time="224131">UpdateSchema "CIMDATA=&lt;CIMStandardDataConnection xsi:type='typens:CIMStandardDataConnection' xmlns:xsi='http://www.w3.org/2001/XMLSchema-instance' xmlns:xs='http://www.w3.org/2001/XMLSchema' xmlns:typens='http://www.esri.com/schemas/ArcGIS/3.2.0'&gt;&lt;WorkspaceConnectionString&gt;DATABASE=D:\Spatial_Optimization\Final\spatial-optimization-final\public_transit\public_transit.gdb&lt;/WorkspaceConnectionString&gt;&lt;WorkspaceFactory&gt;FileGDB&lt;/WorkspaceFactory&gt;&lt;Dataset&gt;parcels_jobs&lt;/Dataset&gt;&lt;DatasetType&gt;esriDTFeatureClass&lt;/DatasetType&gt;&lt;/CIMStandardDataConnection&gt;" &lt;operationSequence&gt;&lt;workflow&gt;&lt;AddField&gt;&lt;field_name&gt;total_fee&lt;/field_name&gt;&lt;field_type&gt;LONG&lt;/field_type&gt;&lt;field_is_nullable&gt;True&lt;/field_is_nullable&gt;&lt;field_is_required&gt;False&lt;/field_is_required&gt;&lt;/AddField&gt;&lt;/workflow&gt;&lt;/operationSequence&gt;</Process><Process ToolSource="d:\arcgis\Resources\ArcToolbox\toolboxes\Data Management Tools.tbx\CalculateField" Date="20240427" Time="224151">CalculateField parcels_jobs total_fee "!cons_fee! + !mrkt_vl!" Python # Text NO_ENFORCE_DOMAINS</Process><Process ToolSource="d:\arcgis\Resources\ArcToolbox\toolboxes\Conversion Tools.tbx\ExportFeatures" Date="20240427" Time="225400">ExportFeatures parcels_jobs D:\Spatial_Optimization\Final\spatial-optimization-final\public_transit\final.shp # NOT_USE_ALIAS "mrkt_vl "mrkt_vl" true true false 8 Double 0 0,First,#,parcels_jobs,mrkt_vl,-1,-1;units "units" true true false 8 Double 0 0,First,#,parcels_jobs,units,-1,-1;jobs "jobs" true true false 4 Long 0 0,First,#,parcels_jobs,jobs,-1,-1;cons_fee "cons_fee" true true false 4 Long 0 0,First,#,parcels_jobs,cons_fee,-1,-1;total_fee "total_fee" true true false 4 Long 0 0,First,#,parcels_jobs,total_fee,-1,-1" #</Process></lineage></DataProperties><SyncDate>20240427</SyncDate><SyncTime>22540000</SyncTime><ModDate>20240427</ModDate><ModTime>22540000</ModTime></Esri><dataIdInfo><envirDesc Sync="TRUE">Microsoft Windows 10 Version 10.0 (Build 22631) ; Esri ArcGIS 13.2.0.49743</envirDesc><dataLang><languageCode value="eng" Sync="TRUE"></languageCode><countryCode value="USA" Sync="TRUE"></countryCode></dataLang><idCitation><resTitle Sync="TRUE">final</resTitle><presForm><PresFormCd value="005" Sync="TRUE"></PresFormCd></presForm></idCitation><spatRpType><SpatRepTypCd value="001" Sync="TRUE"></SpatRepTypCd></spatRpType></dataIdInfo><mdLang><languageCode value="eng" Sync="TRUE"></languageCode><countryCode value="USA" Sync="TRUE"></countryCode></mdLang><distInfo><distFormat><formatName Sync="TRUE">Shapefile</formatName></distFormat><distTranOps><transSize Sync="TRUE">0.000</transSize></distTranOps></distInfo><mdHrLv><ScopeCd value="005" Sync="TRUE"></ScopeCd></mdHrLv><mdHrLvName Sync="TRUE">dataset</mdHrLvName><refSysInfo><RefSystem><refSysID><identCode code="2271" Sync="TRUE"></identCode><idCodeSpace Sync="TRUE">EPSG</idCodeSpace><idVersion Sync="TRUE">6.12(9.0.0)</idVersion></refSysID></RefSystem></refSysInfo><spatRepInfo><VectSpatRep><geometObjs Name="final"><geoObjTyp><GeoObjTypCd value="004" Sync="TRUE"></GeoObjTypCd></geoObjTyp><geoObjCnt Sync="TRUE">0</geoObjCnt></geometObjs><topLvl><TopoLevCd value="001" Sync="TRUE"></TopoLevCd></topLvl></VectSpatRep></spatRepInfo><spdoinfo><ptvctinf><esriterm Name="final"><efeatyp Sync="TRUE">Simple</efeatyp><efeageom code="1" Sync="TRUE"></efeageom><esritopo Sync="TRUE">FALSE</esritopo><efeacnt Sync="TRUE">0</efeacnt><spindex Sync="TRUE">FALSE</spindex><linrefer Sync="TRUE">FALSE</linrefer></esriterm></ptvctinf></spdoinfo><eainfo><detailed Name="final"><enttyp><enttypl Sync="TRUE">final</enttypl><enttypt Sync="TRUE">Feature Class</enttypt><enttypc Sync="TRUE">0</enttypc></enttyp><attr><attrlabl Sync="TRUE">FID</attrlabl><attalias Sync="TRUE">FID</attalias><attrtype Sync="TRUE">OID</attrtype><attwidth Sync="TRUE">4</attwidth><atprecis Sync="TRUE">0</atprecis><attscale Sync="TRUE">0</attscale><attrdef Sync="TRUE">Internal feature number.</attrdef><attrdefs Sync="TRUE">Esri</attrdefs><attrdomv><udom Sync="TRUE">Sequential unique whole numbers that are automatically generated.</udom></attrdomv></attr><attr><attrlabl Sync="TRUE">Shape</attrlabl><attalias Sync="TRUE">Shape</attalias><attrtype Sync="TRUE">Geometry</attrtype><attwidth Sync="TRUE">0</attwidth><atprecis Sync="TRUE">0</atprecis><attscale Sync="TRUE">0</attscale><attrdef Sync="TRUE">Feature geometry.</attrdef><attrdefs Sync="TRUE">Esri</attrdefs><attrdomv><udom Sync="TRUE">Coordinates defining the features.</udom></attrdomv></attr><attr><attrlabl Sync="TRUE">mrkt_vl</attrlabl><attalias Sync="TRUE">mrkt_vl</attalias><attrtype Sync="TRUE">Double</attrtype><attwidth Sync="TRUE">19</attwidth><atprecis Sync="TRUE">0</atprecis><attscale Sync="TRUE">0</attscale></attr><attr><attrlabl Sync="TRUE">units</attrlabl><attalias Sync="TRUE">units</attalias><attrtype Sync="TRUE">Double</attrtype><attwidth Sync="TRUE">19</attwidth><atprecis Sync="TRUE">0</atprecis><attscale Sync="TRUE">0</attscale></attr><attr><attrlabl Sync="TRUE">jobs</attrlabl><attalias Sync="TRUE">jobs</attalias><attrtype Sync="TRUE">Integer</attrtype><attwidth Sync="TRUE">10</attwidth><atprecis Sync="TRUE">10</atprecis><attscale Sync="TRUE">0</attscale></attr><attr><attrlabl Sync="TRUE">cons_fee</attrlabl><attalias Sync="TRUE">cons_fee</attalias><attrtype Sync="TRUE">Integer</attrtype><attwidth Sync="TRUE">10</attwidth><atprecis Sync="TRUE">10</atprecis><attscale Sync="TRUE">0</attscale></attr><attr><attrlabl Sync="TRUE">total_fee</attrlabl><attalias Sync="TRUE">total_fee</attalias><attrtype Sync="TRUE">Integer</attrtype><attwidth Sync="TRUE">10</attwidth><atprecis Sync="TRUE">10</atprecis><attscale Sync="TRUE">0</attscale></attr></detailed></eainfo><mdDateSt Sync="TRUE">20240427</mdDateSt></metadata>
